{
	"mute": "🔇",
	"volumemiddle": "🔉",
	"volumelow": "🔈",
	"volumehigh": "<:x_speak:1239384534542450688>",
	"stop": "<:x_pause:1239384816990949437>",
  "giveaway" : "<:gift:1189876367102312448>",
	"skip": "<:x_right:1239384601470963822>",
	"shuffle": "🔀",
	"rewind": "<:x_left:1241302391186260019>",
	"resume": "▶️",
	"remove": "⏏️",
	"queue": "<:x_headpone:1239384537260363836>",
	"playlist": "<:x_headpone:1239384537260363836>",
	"play": "▶️",
	"pause": "⏸️",
	"loop": "🔁",
	"forward": "<:x_right:1239384601470963822>",
	"filter": "<a:x_filters:1241062815981244539>",
	"autoplay": "<:fav_songs:1189847723374026792>",
	"addsong": "<:fav_songs:1189847723374026792>",
	"music": "<:fav_songs:1189847723374026792>",
	"warn": "⚠️",
	"join": "<:x_tick:1239384584315994153>",
	"leave": "<:x_tick:1239384584315994153>",
	"about": "<:x_world:1239384564883918929>",
	"jump": "<:x_right:1239384601470963822>",
	
	"youtube music":	"💿ＹＭ　｜　",
	"youtube":			"🎬ＹＴ　｜　",
	"soundcloud":		"☁️ＳＣ　｜　"
}